Name;Number
Eva 1;+44(0)7031177281
Eva 2;+44(0)7301177281
Eva 3;+44(0)7310177281
Eva 4;+44(0)7311077281
Eva 5;+44(0)7311707281
Eva 6;+44(0)7311770281
Eva 7;+44(0)7311772081
Eva 8;+44(0)7311772801
Eva 9;+44(0)7311772810
Eva 10;+44(0)7131177281
Eva 11;+44(0)7311177281
Eva 12;+44(0)7311177281
Eva 13;+44(0)7311177281
Eva 14;+44(0)7311717281
Eva 15;+44(0)7311771281
Eva 16;+44(0)7311772181
Eva 17;+44(0)7311772811
Eva 18;+44(0)7311772811
Eva 19;+44(0)7231177281
Eva 20;+44(0)7321177281
Eva 21;+44(0)7312177281
Eva 22;+44(0)7311277281
Eva 23;+44(0)7311727281
Eva 24;+44(0)7311772281
Eva 25;+44(0)7311772281
Eva 26;+44(0)7311772821
Eva 27;+44(0)7311772812
Eva 28;+44(0)7331177281
Eva 29;+44(0)7331177281
Eva 30;+44(0)7313177281
Eva 31;+44(0)7311377281
Eva 32;+44(0)7311737281
Eva 33;+44(0)7311773281
Eva 34;+44(0)7311772381
Eva 35;+44(0)7311772831
Eva 36;+44(0)7311772813
Eva 37;+44(0)7431177281
Eva 38;+44(0)7341177281
Eva 39;+44(0)7314177281
Eva 40;+44(0)7311477281
Eva 41;+44(0)7311747281
Eva 42;+44(0)7311774281
Eva 43;+44(0)7311772481
Eva 44;+44(0)7311772841
Eva 45;+44(0)7311772814
Eva 46;+44(0)7531177281
Eva 47;+44(0)7351177281
Eva 48;+44(0)7315177281
Eva 49;+44(0)7311577281
Eva 50;+44(0)7311757281
Eva 51;+44(0)7311775281
Eva 52;+44(0)7311772581
Eva 53;+44(0)7311772851
Eva 54;+44(0)7311772815
Eva 55;+44(0)7631177281
Eva 56;+44(0)7361177281
Eva 57;+44(0)7316177281
Eva 58;+44(0)7311677281
Eva 59;+44(0)7311767281
Eva 60;+44(0)7311776281
Eva 61;+44(0)7311772681
Eva 62;+44(0)7311772861
Eva 63;+44(0)7311772816
Eva 64;+44(0)7731177281
Eva 65;+44(0)7371177281
Eva 66;+44(0)7317177281
Eva 67;+44(0)7311777281
Eva 68;+44(0)7311777281
Eva 69;+44(0)7311777281
Eva 70;+44(0)7311772781
Eva 71;+44(0)7311772871
Eva 72;+44(0)7311772817
Eva 73;+44(0)7831177281
Eva 74;+44(0)7381177281
Eva 75;+44(0)7318177281
Eva 76;+44(0)7311877281
Eva 77;+44(0)7311787281
Eva 78;+44(0)7311778281
Eva 79;+44(0)7311772881
Eva 80;+44(0)7311772881
Eva 81;+44(0)7311772818
Eva 82;+44(0)7931177281
Eva 83;+44(0)7391177281
Eva 84;+44(0)7319177281
Eva 85;+44(0)7311977281
Eva 86;+44(0)7311797281
Eva 87;+44(0)7311779281
Eva 88;+44(0)7311772981
Eva 89;+44(0)7311772891
Eva 90;+44(0)7311772819
